7.499,0.572214,-0.198719,9.04769,False
7.675,0.610522,-0.268151,9.05727,False
7.854,0.656011,-0.215478,9.10036,False
7.97,0.634464,-0.234632,9.03572,False
8.086,0.624887,-0.158017,9.06205,False
8.202,0.598551,-0.186748,9.06445,False
8.319,0.603339,-0.225055,9.09079,False
8.435,0.636858,-0.213084,9.07402,False
8.551,0.560243,-0.23942,9.00938,False
8.666,0.639252,-0.201113,9.00938,False
8.781,0.497994,-0.25618,9.21289,False
8.938,0.667982,-0.23942,9.11712,False
9.051,0.593762,-0.198719,9.07881,False
9.166,0.622493,-0.191536,9.13867,False
9.327,0.622493,-0.253785,9.08121,False
9.444,0.64404,-0.208296,9.15303,False
9.559,0.577003,-0.181959,9.13148,False
9.674,0.577003,-0.153229,9.03572,False
9.79,0.632069,-0.246603,9.08121,False
9.905,0.593762,-0.167594,9.10515,False
10.02,0.612916,-0.217872,9.05487,False
10.135,0.617704,-0.1652,9.00699,False
10.251,0.622493,-0.227449,9.06445,False
10.371,0.555455,-0.237026,9.06924,False
10.485,0.596156,-0.189142,9.09797,False
10.598,0.572214,-0.129287,9.05008,False
10.712,0.610522,-0.189142,9.0429,False
10.878,0.670377,-0.1652,9.15782,False
10.995,0.56982,-0.184354,9.13867,False
11.112,0.61531,-0.181959,9.05487,False
11.227,0.600945,-0.217872,9.0405,False
11.342,0.624887,-0.160412,9.13148,False
11.458,0.553061,-0.138864,9.07881,False
11.574,0.627281,-0.186748,9.12191,False
11.689,0.605733,-0.189142,9.0453,False
11.804,0.577003,-0.213084,9.09797,False
11.922,0.577003,-0.246603,9.0453,False
12.037,0.603339,-0.203507,9.08121,False
12.151,0.543484,-0.203507,9.13388,False
12.263,0.61531,-0.150835,8.99981,False
12.433,0.605733,-0.205901,9.08839,False
12.548,0.584185,-0.205901,9.10515,False
12.665,0.624887,-0.158017,9.00459,False
12.781,0.579397,-0.215478,9.01178,False
12.897,0.565032,-0.181959,9.10515,False
13.013,0.572214,-0.201113,9.13388,False
13.129,0.622493,-0.177171,9.09318,False
13.245,0.624887,-0.191536,8.98065,False
13.36,0.600945,-0.167594,9.5792,False
13.48,0.632069,-0.196325,9.14585,False
13.594,0.586579,-0.19393,9.09318,False
13.708,0.598551,-0.158017,9.08599,False
13.823,0.579397,-0.203507,9.03572,False
13.989,0.572214,-0.203507,9.07163,False
14.108,0.651223,-0.227449,9.05008,False
14.223,0.572214,-0.191536,9.18176,False
14.339,0.620098,-0.174777,9.10276,False
14.456,0.593762,-0.201113,9.06205,False
14.571,0.598551,-0.213084,9.09079,False
14.686,0.545878,-0.167594,9.01656,False
14.801,0.545878,-0.177171,9.11951,False
14.916,0.557849,-0.229843,9.01656,False
15.033,0.598551,-0.208296,9.06445,False
15.148,0.603339,-0.253785,9.15782,False
15.26,0.617704,-0.220267,9.10754,False
15.374,0.598551,-0.196325,9.09079,False
15.542,0.610522,-0.258574,9.02375,False
15.658,0.603339,-0.158017,9.11473,False
15.774,0.591368,-0.201113,9.14825,False
15.89,0.560243,-0.229843,9.07881,False
16.006,0.636858,-0.177171,9.0429,False
16.122,0.588974,-0.198719,8.99502,False
16.238,0.620098,-0.258574,9.05966,False
16.353,0.646435,-0.191536,9.0836,False
16.469,0.610522,-0.21069,9.17937,False
16.586,0.591368,-0.189142,9.09557,False
16.7,0.677559,-0.191536,9.15064,False
16.814,0.586579,-0.205901,9.10515,False
16.928,0.572214,-0.19393,9.07881,False
17.095,0.620098,-0.217872,9.10276,False
17.212,0.677559,-0.232238,9.14346,False
17.329,0.636858,-0.205901,9.11233,False
17.444,0.581791,-0.227449,9.15782,False
17.559,0.622493,-0.241814,9.13867,False
17.674,0.653617,-0.172383,9.09079,False
17.79,0.572214,-0.191536,9.0429,False
17.907,1.07021,-0.366313,9.20092,False
18.021,0.605733,-0.205901,9.0836,False
18.139,0.622493,-0.198719,9.09557,False
18.252,0.423774,-0.215478,9.02853,False
18.367,0.220267,-0.229843,9.02853,False
18.536,0.581791,-0.201113,9.06445,False
18.651,2.01831,-0.110133,9.58399,False
18.767,0.526724,-0.143652,9.21289,False
18.883,0.536301,-0.0694318,9.0429,False
19.0,-1.96325,-0.459687,9.95509,False
19.117,-4.09169,-0.603339,8.57603,False
19.233,-6.64152,0.840365,7.34541,False
19.348,-7.01022,-0.0526724,4.23534,False
19.463,-7.71891,0.486023,2.67911,False
19.58,-8.88728,-0.105345,1.403,False
19.693,-9.31105,-0.373495,-0.071826,True
19.807,-9.3302,-0.416591,-1.06542,True
19.921,-9.56723,-0.138864,-1.92254,True
20.09,-9.20571,-0.23942,-1.4054,True
20.208,-9.39964,-0.205901,-1.95367,True
20.324,-9.27993,-0.37589,-1.21625,True
20.439,-8.53054,-0.112527,1.82917,False
20.554,-7.71651,-0.272939,4.66151,False
20.669,-5.82749,0.54109,5.29837,False
20.786,-5.87537,1.30245,5.84904,False
20.902,-4.55856,0.581791,7.85059,False
21.017,-3.32555,0.258574,8.20732,False
21.133,-0.0742203,-0.883461,10.489,False
21.247,2.50434,-1.84593,10.7691,False
21.361,4.28083,-0.905008,7.9296,False
21.473,7.35738,-0.162806,4.5011,False
21.587,8.8777,0.0215478,2.71742,False
21.754,9.64624,0.280122,1.30963,False
21.87,10.0916,0.287304,0.25618,False
21.986,10.1442,0.0646434,-0.806846,True
22.101,10.0269,0.0814029,-0.967257,True
22.216,10.094,0.217872,-1.30245,True
22.331,10.3717,0.232238,-0.864307,True
22.447,10.0461,0.0766145,-0.873884,True
22.563,10.8242,0.227449,0.488417,False
22.678,10.07,0.208296,2.58813,False
22.797,7.31189,0.268151,6.86418,False
22.913,4.29999,-0.0311246,8.76996,False
23.026,1.05105,1.17795,9.06445,False
23.138,0.78051,2.23618,9.92636,False
23.307,0.392649,4.21379,7.59441,False
23.424,0.943316,5.02064,6.58405,False
23.541,0.967257,6.42364,5.34386,False
23.656,-0.366313,8.09958,3.30639,False
23.771,-0.823606,8.26957,1.95367,False
23.886,0.0933739,9.51695,1.82438,False
24.002,-0.555455,9.4571,0.507571,False
24.119,-0.869095,9.6199,-0.136469,True
24.234,-0.665588,9.52414,0.368707,False
24.351,-0.837971,9.4954,-0.526724,True
24.464,-1.18752,9.80426,-1.35991,True
24.578,-0.746991,8.0924,0.0694318,False
24.692,-0.126893,8.73884,1.71185,False
24.86,-0.536301,7.16345,3.65355,False
24.977,0.143652,5.2026,6.24408,False
25.093,-0.201113,4.22098,10.3262,False
25.208,-0.701501,3.11965,10.738,False
25.324,-0.1652,2.85149,7.20655,False
25.44,0.821211,1.36948,10.9702,False
25.556,0.713472,0.19393,7.84101,False
25.671,2.46124,-0.423774,9.11473,False
25.787,-0.339977,-0.124499,9.08839,False
25.905,0.562637,-0.241814,9.07402,False
26.019,0.588974,-0.280122,9.12909,False
26.133,0.603339,-0.179565,9.09557,False
26.247,0.639252,-0.191536,9.15782,False
26.415,0.620098,-0.158017,9.09797,False
26.533,0.612916,-0.160412,9.06445,False
26.649,0.567426,-0.217872,9.07881,False
26.765,0.579397,-0.160412,9.03333,False
26.88,0.531513,-0.251391,9.14585,False
27.001,0.64404,-0.189142,9.06445,False
27.118,0.603339,-0.246603,9.05248,False
27.233,0.533907,-0.205901,9.15543,False
27.348,0.581791,-0.244209,9.05248,False
27.464,0.620098,-0.217872,9.05966,False
27.579,0.622493,-0.215478,9.14106,False
27.692,0.586579,-0.153229,9.08839,False
27.806,0.651223,-0.225055,9.11712,False
27.976,0.572214,-0.158017,9.15303,False
28.092,0.620098,-0.198719,9.03811,False
28.209,0.548272,-0.189142,9.08839,False
28.325,0.603339,-0.196325,9.05008,False
28.441,0.641646,-0.162806,8.99262,False
28.557,0.596156,-0.215478,9.08121,False
28.672,0.596156,-0.19393,9.09079,False
28.788,0.593762,-0.232238,9.07881,False
28.904,0.646435,-0.186748,9.05487,False
29.021,0.567426,-0.160412,9.13388,False
29.135,0.627281,-0.189142,9.06445,False
29.249,0.64404,-0.220267,9.0429,False
29.363,0.603339,-0.237026,9.14106,False
29.531,0.586579,-0.241814,9.06445,False
29.648,0.579397,-0.225055,9.15543,False
29.764,0.574608,-0.215478,9.04769,False
29.88,0.567426,-0.222661,9.06684,False
29.996,0.612916,-0.205901,9.05248,False
30.112,0.586579,-0.217872,9.17219,False
30.227,0.598551,-0.205901,9.14825,False
30.342,0.632069,-0.220267,9.10754,False
30.458,0.617704,-0.155623,9.03811,False
30.574,0.641646,-0.174777,9.09318,False
30.687,0.603339,-0.19393,9.09318,False
30.801,0.584185,-0.220267,9.07402,False
30.916,0.54109,-0.201113,9.10754,False
31.083,0.54109,-0.169988,9.1243,False
31.199,0.651223,-0.162806,9.1267,False
31.316,0.586579,-0.263362,9.13867,False
31.431,0.557849,-0.215478,9.02853,False
31.547,0.632069,-0.184354,9.13388,False
31.663,0.598551,-0.220267,9.02375,False
31.778,0.588974,-0.232238,9.00459,False
31.893,0.603339,-0.215478,9.17458,False
32.008,0.622493,-0.244209,9.10515,False
32.125,0.667982,-0.213084,9.07881,False
32.241,0.574608,-0.198719,8.9615,False
32.354,0.586579,-0.246603,9.10036,False
32.468,0.61531,-0.21069,9.10994,False
32.636,0.636858,-0.19393,8.99502,False
32.753,0.634464,-0.181959,9.09797,False
32.869,0.612916,-0.174777,9.22965,False
32.984,0.603339,-0.169988,9.11233,False
33.099,0.586579,-0.241814,9.05487,False
33.215,0.553061,-0.203507,9.09079,False
33.331,0.612916,-0.220267,9.01178,False
33.447,0.629675,-0.1652,9.12191,False
33.563,0.565032,-0.246603,9.05966,False
33.679,0.581791,-0.263362,9.07881,False
33.794,0.64404,-0.203507,9.12191,False
33.908,0.675165,-0.160412,8.9591,False
34.022,0.586579,-0.234632,9.07642,False
34.19,0.603339,-0.186748,9.02135,False
34.307,0.596156,-0.131681,9.09079,False
34.423,0.557849,-0.1652,9.04769,False
34.539,0.596156,-0.158017,9.08121,False
34.655,0.579397,-0.213084,9.11712,False
34.77,0.593762,-0.198719,9.03811,False
34.885,0.651223,-0.189142,9.05008,False
35.0,0.605733,-0.143652,9.0405,False
35.116,0.61531,-0.215478,9.02614,False
35.234,0.663194,-0.229843,9.20331,False
35.348,0.61531,-0.215478,9.12191,False
35.462,0.581791,-0.213084,9.0429,False
35.576,0.641646,-0.237026,9.11712,False
35.741,0.605733,-0.181959,9.08599,False
35.857,0.581791,-0.208296,9.06684,False
35.972,0.627281,-0.155623,9.0022,False
36.087,0.572214,-0.191536,9.17219,False
36.203,0.56982,-0.225055,9.05008,False
36.319,0.567426,-0.146046,9.06445,False
36.434,0.632069,-0.265756,9.11473,False
36.55,0.560243,-0.260968,9.0429,False
36.666,0.617704,-0.234632,9.04769,False
36.785,0.584185,-0.174777,9.10276,False
36.899,0.596156,-0.155623,9.04769,False
37.013,0.672771,-0.134075,9.08839,False
37.126,0.605733,-0.232238,8.96629,False
37.292,0.557849,-0.213084,9.00459,False
37.409,0.600945,-0.229843,9.05727,False
37.525,0.565032,-0.177171,9.32302,False
37.64,0.603339,-0.201113,9.15303,False
37.755,0.591368,-0.217872,9.17458,False
37.871,0.557849,-0.227449,9.07163,False
37.987,0.586579,-0.160412,9.13148,False
38.103,0.584185,-0.215478,9.03811,False
38.219,0.622493,-0.189142,9.06924,False
38.335,0.648829,-0.21069,9.07163,False
38.45,0.591368,-0.213084,9.09079,False
38.563,0.581791,-0.189142,9.05487,False
38.677,0.694319,-0.172383,9.04769,False
38.841,0.648829,-0.162806,9.09079,False
38.958,0.591368,-0.19393,9.06684,False
39.075,0.507571,-0.229843,9.14346,False
39.19,0.598551,-0.189142,9.06445,False
39.306,0.605733,-0.196325,8.99262,False
39.422,0.64404,-0.208296,9.05008,False
39.538,0.617704,-0.208296,9.09797,False
39.653,0.596156,-0.19393,9.10754,False
39.768,0.572214,-0.213084,9.07881,False
39.886,0.620098,-0.150835,9.11951,False
40.001,0.648829,-0.126893,9.05966,False
40.116,0.56982,-0.225055,9.07881,False
40.23,0.553061,-0.205901,8.9615,False
40.394,0.603339,-0.215478,8.98304,False
40.511,0.584185,-0.191536,9.14346,False
40.626,0.639252,-0.253785,9.20092,False
40.743,0.641646,-0.174777,9.11951,False
40.858,0.64404,-0.1652,9.13388,False
40.973,0.617704,-0.179565,9.08839,False
41.088,0.586579,-0.136469,9.07642,False
41.204,0.588974,-0.181959,9.07881,False
41.319,0.608127,-0.181959,9.08599,False
41.44,0.543484,-0.1652,9.14585,False
41.554,0.574608,-0.191536,9.10515,False
41.667,0.560243,-0.203507,9.15782,False
41.782,0.596156,-0.181959,9.11233,False
41.947,0.550666,-0.1652,9.07881,False
42.063,0.641646,-0.191536,9.0836,False
42.179,0.617704,-0.246603,9.05008,False
42.294,0.636858,-0.220267,9.13148,False
42.411,0.567426,-0.191536,9.07402,False
42.526,0.538695,-0.150835,9.03333,False
42.641,0.651223,-0.198719,9.05966,False
42.756,0.574608,-0.186748,9.10276,False
42.872,0.553061,-0.225055,9.09557,False
42.993,0.679953,-0.19393,9.09318,False
43.108,0.579397,-0.205901,9.02614,False
43.221,0.653617,-0.227449,9.11473,False
43.335,0.656011,-0.251391,9.16022,False
43.5,0.605733,-0.158017,9.03093,False
43.617,0.603339,-0.129287,9.14106,False
43.732,0.596156,-0.143652,9.11233,False
43.847,0.665588,-0.138864,9.07402,False
43.962,0.577003,-0.25618,9.1243,False
44.078,0.574608,-0.191536,9.12909,False
44.193,0.61531,-0.1652,9.0453,False
44.308,0.557849,-0.186748,9.05487,False
44.423,0.584185,-0.215478,9.17698,False
44.545,0.588974,-0.246603,9.1267,False
44.66,0.574608,-0.1652,9.15543,False
44.773,0.632069,-0.184354,9.16022,False
44.886,0.617704,-0.172383,9.10276,False
45.052,0.600945,-0.251391,9.17458,False
45.169,0.577003,-0.181959,9.14346,False
45.285,0.605733,-0.169988,9.08839,False
45.4,0.627281,-0.208296,9.07881,False
45.515,0.560243,-0.186748,8.99502,False
45.63,0.588974,-0.172383,9.11951,False
45.746,0.593762,-0.11971,9.05727,False
45.862,0.617704,-0.215478,9.05727,False
45.977,0.605733,-0.260968,9.04769,False
46.098,0.596156,-0.253785,9.0453,False
46.217,0.581791,-0.155623,9.14346,False
46.332,0.591368,-0.244209,9.09318,False
46.445,0.567426,-0.201113,9.1267,False
46.612,0.620098,-0.201113,9.0405,False
46.729,0.64404,-0.198719,9.15782,False
46.845,0.624887,-0.205901,9.09797,False
46.961,0.636858,-0.167594,9.05727,False
47.077,0.610522,-0.208296,9.09557,False
47.193,0.588974,-0.181959,9.09797,False
47.309,0.560243,-0.227449,9.10994,False
47.424,0.557849,-0.19393,9.11473,False
47.54,0.648829,-0.179565,9.10276,False
47.658,0.629675,-0.222661,9.10036,False
47.772,0.612916,-0.220267,9.05966,False
47.885,0.634464,-0.215478,9.10754,False
48.052,0.586579,-0.1652,9.06445,False
48.169,0.572214,-0.23942,9.05248,False
48.285,0.605733,-0.23942,9.13388,False
48.4,0.565032,-0.184354,9.08121,False
48.515,0.656011,-0.201113,9.06205,False
48.631,0.612916,-0.177171,9.08599,False
48.748,0.612916,-0.241814,9.07881,False
48.863,0.605733,-0.201113,8.99981,False
48.978,0.61531,-0.222661,8.99741,False
49.097,0.548272,-0.169988,9.04769,False
49.212,0.591368,-0.23942,9.03572,False
49.326,0.574608,-0.153229,9.11233,False
49.44,0.548272,-0.169988,9.07402,False
49.603,0.641646,-0.160412,9.165,False
49.72,0.622493,-0.169988,9.06445,False
49.835,0.574608,-0.19393,9.16261,False
49.952,0.629675,-0.198719,9.06205,False
50.067,0.581791,-0.220267,9.08121,False
50.183,0.624887,-0.174777,9.10276,False
50.298,0.572214,-0.167594,9.00938,False
50.415,0.656011,-0.189142,9.17219,False
50.529,0.553061,-0.198719,9.07881,False
50.65,0.639252,-0.167594,9.05487,False
50.765,0.627281,-0.172383,9.14825,False
50.878,0.603339,-0.160412,9.08121,False
50.993,0.656011,-0.112527,9.01656,False
51.158,0.596156,-0.196325,9.06445,False
51.274,0.555455,-0.189142,9.11233,False
51.39,0.617704,-0.179565,9.12909,False
51.506,0.605733,-0.225055,9.10994,False
51.622,0.593762,-0.1652,9.03093,False
51.738,0.574608,-0.222661,9.16261,False
51.854,0.64404,-0.203507,9.07402,False
51.969,0.562637,-0.217872,9.09557,False
52.084,0.612916,-0.227449,9.08121,False
52.204,0.531513,-0.232238,9.09797,False
52.318,0.574608,-0.169988,9.0836,False
52.432,0.560243,-0.227449,9.11712,False
52.545,0.622493,-0.162806,9.11712,False
52.709,0.608127,-0.172383,9.08599,False
52.827,0.600945,-0.177171,9.00699,False
52.943,0.593762,-0.158017,9.05248,False
53.059,0.620098,-0.246603,9.08121,False
53.174,0.598551,-0.208296,9.06684,False
53.291,0.560243,-0.19393,9.13388,False
53.407,0.617704,-0.220267,9.12909,False
53.522,0.600945,-0.225055,9.07402,False
53.637,0.591368,-0.19393,9.06205,False
53.754,0.61531,-0.186748,9.10994,False
53.87,0.610522,-0.110133,9.07881,False
53.983,0.608127,-0.162806,9.05248,False
54.099,0.591368,-0.201113,9.09797,False
54.264,0.591368,-0.234632,9.13867,False
54.381,0.596156,-0.227449,9.13148,False
54.497,0.584185,-0.167594,9.08839,False
54.613,0.562637,-0.1652,9.05008,False
54.728,0.610522,-0.1652,9.06445,False
54.843,0.600945,-0.220267,9.0405,False
54.958,0.634464,-0.21069,9.02375,False
55.075,0.560243,-0.150835,9.08121,False
55.189,0.593762,-0.227449,9.10515,False
55.31,0.620098,-0.225055,9.07881,False
55.424,0.593762,-0.191536,9.03572,False
55.538,0.584185,-0.220267,9.05008,False
55.652,0.596156,-0.191536,9.10754,False
55.816,0.646435,-0.177171,9.11951,False
55.933,0.656011,-0.205901,9.05487,False
56.048,0.622493,-0.227449,9.0453,False
56.165,0.560243,-0.186748,9.11233,False
56.28,0.596156,-0.158017,9.11233,False
56.395,0.591368,-0.129287,9.19373,False
56.51,0.584185,-0.205901,9.13867,False
56.625,0.586579,-0.160412,9.04769,False
56.742,0.605733,-0.148441,9.15782,False
56.862,0.596156,-0.220267,9.08121,False
56.975,0.596156,-0.1652,9.1267,False
57.088,0.634464,-0.150835,9.11951,False
57.203,0.572214,-0.179565,9.09318,False
57.367,0.612916,-0.186748,9.05248,False
57.483,0.634464,-0.203507,9.08599,False
57.6,0.567426,-0.237026,8.99262,False
57.716,0.596156,-0.189142,9.1674,False
57.832,0.653617,-0.181959,9.12191,False
57.947,0.632069,-0.146046,9.08839,False
58.062,0.579397,-0.21069,9.05248,False
58.177,0.610522,-0.21069,9.165,False
58.292,0.646435,-0.213084,9.21528,False
58.414,0.639252,-0.227449,9.0405,False
58.529,0.610522,-0.232238,9.03811,False
58.642,0.531513,-0.215478,9.09079,False
58.756,0.54109,-0.258574,9.11712,False
58.921,0.526724,-0.126893,9.1243,False
59.038,0.600945,-0.237026,9.07881,False
59.155,0.581791,-0.205901,8.98065,False
59.27,0.579397,-0.189142,8.96868,False
59.386,0.579397,-0.160412,9.1267,False
59.501,0.586579,-0.203507,9.0453,False
59.617,0.574608,-0.234632,9.06684,False
59.732,0.596156,-0.205901,9.09318,False
59.847,0.627281,-0.208296,9.05487,False
59.966,0.581791,-0.169988,9.07642,False
60.081,0.617704,-0.160412,9.14825,False
60.194,0.6608,-0.222661,9.14585,False
60.308,0.624887,-0.162806,9.10276,False
60.471,0.610522,-0.220267,9.09318,False
60.587,0.624887,-0.177171,9.11951,False
60.705,0.600945,-0.205901,9.02853,False
60.821,0.610522,-0.227449,9.04769,False
60.937,0.600945,-0.189142,9.03572,False
61.052,0.584185,-0.148441,9.0405,False
61.168,0.586579,-0.237026,9.02614,False
61.284,0.658406,-0.162806,9.07881,False
61.399,0.598551,-0.181959,9.14585,False
61.516,0.588974,-0.158017,9.0836,False
61.631,0.622493,-0.191536,9.0453,False
61.745,0.586579,-0.241814,9.13867,False
61.859,0.603339,-0.203507,9.01656,False
62.024,0.629675,-0.146046,9.09079,False
62.139,0.562637,-0.222661,9.11951,False
62.255,0.624887,-0.229843,9.06684,False
62.372,0.557849,-0.19393,9.0836,False
62.487,0.598551,-0.205901,9.07163,False
62.602,0.603339,-0.169988,9.05487,False
62.717,0.577003,-0.225055,9.10276,False
62.833,0.581791,-0.241814,9.10276,False
62.948,0.612916,-0.150835,9.09797,False
63.069,0.584185,-0.167594,9.10276,False
63.183,0.550666,-0.258574,9.14825,False
63.296,0.577003,-0.191536,9.03572,False
63.411,0.586579,-0.172383,9.02853,False
63.575,0.56982,-0.251391,9.13388,False
63.692,0.663194,-0.234632,9.08121,False
63.808,0.658406,-0.169988,9.11712,False
63.923,0.533907,-0.19393,9.12191,False
64.04,0.550666,-0.203507,9.19373,False
64.155,0.567426,-0.215478,9.10036,False
64.27,0.656011,-0.172383,9.05966,False
64.385,0.605733,-0.208296,9.10276,False
64.5,0.572214,-0.229843,8.94474,False
64.62,0.490811,-0.205901,9.03093,False
64.734,0.629675,-0.191536,9.11233,False
64.847,0.64404,-0.198719,9.09318,False
64.961,0.610522,-0.244209,9.07881,False
65.125,0.596156,-0.186748,9.165,False
65.242,0.56982,-0.253785,9.17458,False
65.363,0.605733,-0.138864,9.02135,False
65.478,0.550666,-0.169988,9.11473,False
65.593,0.629675,-0.167594,9.12191,False
65.708,0.610522,-0.148441,9.10036,False
65.824,0.641646,-0.237026,9.15782,False
65.94,0.603339,-0.177171,9.06684,False
66.056,0.691924,-0.220267,9.07163,False
66.172,0.596156,-0.191536,9.07881,False
66.287,0.641646,-0.229843,9.15064,False
66.4,0.648829,-0.169988,9.01656,False
66.514,0.612916,-0.201113,9.08839,False
66.678,0.641646,-0.220267,9.06684,False
66.795,0.610522,-0.201113,9.13148,False
66.912,0.646435,-0.105345,9.13388,False
67.028,0.574608,-0.158017,9.15064,False
67.144,0.634464,-0.205901,9.13148,False
67.26,0.622493,-0.19393,9.06924,False
67.375,0.603339,-0.186748,9.06684,False
67.491,0.577003,-0.186748,9.01178,False
67.606,0.663194,-0.181959,9.13867,False
67.722,0.577003,-0.215478,9.19613,False
67.837,0.658406,-0.141258,9.09318,False
67.952,0.562637,-0.215478,9.07642,False
68.066,0.572214,-0.177171,9.10515,False
68.23,0.641646,-0.167594,9.10754,False
68.347,0.64404,-0.19393,9.16022,False
68.462,0.641646,-0.181959,9.1243,False
68.578,0.562637,-0.244209,9.09797,False
68.693,0.651223,-0.172383,9.09797,False
68.808,0.574608,-0.158017,9.12191,False
68.923,0.565032,-0.203507,9.04769,False
69.04,0.593762,-0.177171,9.06205,False
69.155,0.629675,-0.222661,9.09318,False
69.275,0.600945,-0.138864,8.98065,False
69.388,0.579397,-0.258574,9.05008,False
69.502,0.572214,-0.225055,9.11473,False
69.617,0.550666,-0.203507,9.10515,False
69.781,0.620098,-0.229843,9.05727,False
69.898,0.593762,-0.174777,9.08839,False
70.015,0.6608,-0.155623,9.1267,False
70.13,0.61531,-0.198719,9.10994,False
70.246,0.596156,-0.181959,9.05966,False
70.362,0.550666,-0.138864,9.25119,False
70.477,0.636858,-0.179565,9.12191,False
70.592,0.584185,-0.191536,9.1674,False
70.708,0.593762,-0.201113,9.06205,False
70.825,0.622493,-0.220267,9.05248,False
70.938,0.612916,-0.143652,9.14346,False
71.051,0.605733,-0.158017,9.00459,False
71.166,0.646435,-0.148441,9.08121,False
71.33,0.577003,-0.208296,9.32781,False
71.447,0.577003,-0.177171,9.18416,False
71.562,0.572214,-0.203507,9.05008,False
71.677,0.555455,-0.203507,9.08599,False
71.792,0.588974,-0.184354,9.03572,False
71.908,0.543484,-0.208296,9.18655,False
72.024,0.608127,-0.186748,9.0022,False
72.138,0.593762,-0.203507,9.02853,False
72.254,0.629675,-0.19393,9.0836,False
72.374,0.610522,-0.138864,9.08599,False
72.487,0.624887,-0.217872,9.05008,False
72.601,0.581791,-0.169988,9.07881,False
72.756,0.610522,-0.227449,9.0022,False
72.874,0.627281,-0.181959,9.13867,False
72.991,0.624887,-0.186748,9.17458,False
73.106,0.629675,-0.196325,9.07402,False
73.222,0.603339,-0.19393,9.06205,False
73.337,0.608127,-0.184354,9.09797,False
73.454,0.620098,-0.253785,9.08121,False
73.569,0.603339,-0.227449,9.16979,False
73.684,0.581791,-0.215478,9.13867,False
73.803,0.560243,-0.191536,9.07881,False
73.917,0.567426,-0.234632,9.08599,False
74.031,0.538695,-0.143652,9.13388,False
74.145,0.565032,-0.174777,9.02614,False
74.305,0.588974,-0.246603,9.09318,False
74.422,0.684742,-0.19393,9.07402,False
74.538,0.634464,-0.172383,9.01896,False
74.653,0.560243,-0.225055,9.01417,False
74.768,0.610522,-0.160412,9.06924,False
74.884,0.557849,-0.213084,9.05008,False
75.001,0.610522,-0.198719,9.09797,False
75.117,0.598551,-0.203507,9.10276,False
75.233,0.667982,-0.174777,9.07402,False
75.35,0.598551,-0.21069,9.05487,False
75.463,0.572214,-0.196325,9.04769,False
75.578,0.565032,-0.19393,9.03333,False
75.691,0.622493,-0.270545,9.17937,False
75.849,0.591368,-0.184354,9.07881,False
75.965,0.54109,-0.198719,9.0022,False
76.082,0.596156,-0.155623,9.06684,False
76.197,0.588974,-0.272939,9.09797,False
76.313,0.586579,-0.174777,9.07402,False
76.428,0.620098,-0.21069,9.01656,False
76.544,0.610522,-0.205901,9.03811,False
76.661,0.591368,-0.227449,9.11951,False
76.776,0.612916,-0.172383,9.10276,False
76.896,0.651223,-0.203507,9.09079,False
77.011,0.605733,-0.179565,9.06445,False
77.125,0.610522,-0.1652,9.06445,False
77.239,0.565032,-0.201113,9.07402,False
77.397,0.64404,-0.189142,9.09318,False
77.514,0.622493,-0.220267,9.04769,False
77.63,0.565032,-0.220267,9.09557,False
77.747,0.600945,-0.201113,8.99502,False
77.862,0.627281,-0.148441,9.16979,False
77.977,0.598551,-0.169988,9.16261,False
78.092,0.596156,-0.203507,9.14585,False
78.208,0.565032,-0.220267,9.07881,False
78.324,0.632069,-0.181959,9.15303,False
78.443,0.61531,-0.234632,9.02375,False
78.557,0.56982,-0.169988,9.08839,False
78.67,0.579397,-0.215478,9.00459,False
78.784,0.61531,-0.177171,9.17698,False
78.942,0.588974,-0.203507,9.05008,False
79.059,0.567426,-0.189142,9.14825,False
79.174,0.560243,-0.220267,9.03572,False
79.29,0.577003,-0.172383,9.0836,False
79.407,0.584185,-0.184354,9.07402,False
79.522,0.565032,-0.1652,9.3302,False
79.637,0.593762,-0.205901,9.06205,False
79.752,0.56982,-0.174777,9.07402,False
79.868,0.632069,-0.160412,9.10276,False
79.988,0.605733,-0.138864,9.13148,False
80.103,0.612916,-0.222661,9.08121,False
80.217,0.577003,-0.215478,9.0429,False
80.33,0.641646,-0.215478,9.14346,False
80.489,0.545878,-0.174777,9.0453,False
80.606,0.584185,-0.126893,9.0405,False
80.721,0.565032,-0.1652,9.06924,False
80.836,0.588974,-0.237026,9.09079,False
80.953,0.610522,-0.217872,9.08121,False
81.068,0.61531,-0.189142,9.06205,False
81.182,0.584185,-0.181959,9.14346,False
81.298,0.627281,-0.201113,9.02135,False
81.415,0.562637,-0.21069,9.12191,False
81.535,0.622493,-0.172383,9.0453,False
81.649,0.598551,-0.225055,9.10754,False
81.762,0.545878,-0.196325,9.0836,False
81.876,0.612916,-0.19393,9.10754,False
82.037,0.605733,-0.215478,9.09079,False
82.154,0.593762,-0.248997,9.10276,False
82.269,0.545878,-0.203507,9.08839,False
82.384,0.627281,-0.205901,9.06205,False
82.5,0.591368,-0.186748,9.07402,False
82.615,0.572214,-0.181959,9.10036,False
82.731,0.617704,-0.19393,9.09079,False
82.846,0.586579,-0.205901,9.04769,False
82.961,0.620098,-0.196325,9.14106,False
83.082,0.632069,-0.222661,9.0405,False
83.197,0.608127,-0.201113,9.03811,False
83.311,0.581791,-0.225055,9.10276,False
83.424,0.634464,-0.181959,9.15303,False
83.584,0.605733,-0.19393,9.01417,False
83.702,0.610522,-0.186748,9.00699,False
83.818,0.574608,-0.177171,9.13148,False
83.933,0.588974,-0.227449,9.06445,False
84.048,0.562637,-0.234632,9.11473,False
84.165,0.622493,-0.19393,9.0405,False
84.28,0.56982,-0.232238,9.11951,False
84.395,0.646435,-0.217872,9.18895,False
84.517,0.636858,-0.203507,9.14825,False
84.632,0.572214,-0.141258,9.14585,False
84.746,0.634464,-0.160412,9.01656,False
84.86,0.620098,-0.203507,9.0836,False
84.973,0.56982,-0.181959,9.09557,False
85.13,0.675165,-0.167594,9.0453,False
85.248,0.557849,-0.229843,9.04769,False
85.364,0.612916,-0.196325,9.14346,False
85.48,0.639252,-0.172383,9.06924,False
85.595,0.610522,-0.155623,9.10994,False
85.711,0.560243,-0.232238,9.10754,False
85.827,0.562637,-0.181959,9.02135,False
85.942,0.562637,-0.225055,9.11951,False
86.058,0.591368,-0.205901,9.05248,False
86.174,0.56982,-0.155623,9.11233,False
86.289,0.600945,-0.179565,9.05966,False
86.402,0.598551,-0.208296,9.0453,False
86.515,0.641646,-0.189142,9.12909,False
86.673,0.54109,-0.23942,9.03093,False
86.791,0.588974,-0.189142,9.12909,False
86.906,0.641646,-0.23942,9.11712,False
87.021,0.620098,-0.162806,9.13388,False
87.136,0.538695,-0.191536,9.08839,False
87.251,0.622493,-0.184354,9.06445,False
87.367,0.557849,-0.220267,9.05727,False
87.483,0.61531,-0.203507,9.05487,False
87.599,0.562637,-0.143652,9.10754,False
87.719,0.588974,-0.208296,9.09079,False
87.833,0.598551,-0.246603,9.07642,False
87.948,0.636858,-0.205901,9.15303,False
88.061,0.610522,-0.172383,9.03811,False
88.218,0.581791,-0.203507,9.14585,False
88.335,0.572214,-0.143652,9.0836,False
88.451,0.591368,-0.208296,9.03572,False
88.566,0.603339,-0.146046,9.04769,False
88.681,0.622493,-0.248997,9.03572,False
88.796,0.61531,-0.19393,9.03333,False
88.913,0.622493,-0.189142,9.08121,False
89.029,0.593762,-0.198719,9.10276,False
89.145,0.612916,-0.208296,9.16979,False
89.263,0.651223,-0.148441,9.09797,False
89.376,0.622493,-0.160412,9.14106,False
89.491,0.624887,-0.246603,9.05727,False
89.605,0.598551,-0.177171,9.07163,False
89.762,0.603339,-0.155623,9.07642,False
89.879,0.634464,-0.203507,9.09797,False
89.996,0.600945,-0.172383,9.06445,False
90.112,0.52433,-0.158017,9.08599,False
90.228,0.636858,-0.198719,9.0453,False
90.343,0.596156,-0.122104,9.12909,False
90.458,0.622493,-0.208296,9.03811,False
90.574,0.598551,-0.205901,9.13867,False
90.689,0.612916,-0.184354,9.12191,False
90.806,0.624887,-0.215478,9.06924,False
90.92,0.634464,-0.248997,9.09079,False
91.034,0.603339,-0.198719,9.15543,False
91.148,0.622493,-0.162806,9.08599,False
91.307,0.608127,-0.172383,9.05487,False
91.423,0.577003,-0.169988,9.10994,False
91.54,0.600945,-0.19393,9.05008,False
91.656,0.634464,-0.184354,9.03333,False
91.772,0.545878,-0.234632,9.12909,False
91.887,0.641646,-0.201113,9.08839,False
92.002,0.529119,-0.177171,9.09557,False
92.119,0.620098,-0.177171,9.03333,False
92.234,0.617704,-0.203507,9.0405,False
92.352,0.560243,-0.1652,9.07642,False
92.466,0.574608,-0.241814,9.04769,False
92.58,0.648829,-0.184354,9.06924,False
92.694,0.612916,-0.191536,9.14825,False
92.853,0.593762,-0.155623,9.0453,False
92.97,0.572214,-0.198719,9.08121,False
93.085,0.622493,-0.213084,9.00699,False
93.201,0.612916,-0.167594,9.11473,False
93.317,0.588974,-0.155623,9.03333,False
93.433,0.620098,-0.189142,9.04769,False
93.548,0.555455,-0.150835,9.05727,False
93.664,0.61531,-0.174777,9.20571,False
93.78,0.584185,-0.203507,9.08121,False
93.898,0.610522,-0.179565,9.02135,False
94.012,0.581791,-0.196325,9.14106,False
94.126,0.605733,-0.162806,9.08599,False
94.286,0.536301,-0.174777,9.08599,False
94.403,0.646435,-0.225055,8.99981,False
94.519,0.581791,-0.181959,9.06684,False
94.634,0.641646,-0.172383,9.01417,False
94.75,0.675165,-0.179565,9.09797,False
94.865,0.56982,-0.227449,9.0453,False
94.981,0.639252,-0.172383,9.01178,False
95.097,0.584185,-0.241814,9.1243,False
95.213,0.624887,-0.220267,9.1267,False
95.332,0.538695,-0.225055,9.10036,False
95.446,0.608127,-0.213084,9.10036,False
95.559,0.545878,-0.143652,9.16979,False
95.673,0.64404,-0.138864,9.09318,False
95.833,0.641646,-0.134075,9.10515,False
95.95,0.54109,-0.225055,9.15064,False
96.065,0.608127,-0.122104,9.15782,False
96.18,0.620098,-0.265756,9.08839,False
96.296,0.581791,-0.260968,9.10515,False
96.413,0.593762,-0.179565,9.03811,False
96.528,0.596156,-0.172383,8.94953,False
96.643,0.586579,-0.19393,8.93755,False
96.759,0.56982,-0.184354,8.93995,False
96.876,0.646435,-0.215478,8.98065,False
96.99,0.622493,-0.201113,9.14585,False
97.104,0.572214,-0.146046,9.02375,False
97.217,0.620098,-0.155623,9.03093,False
97.378,0.624887,-0.213084,9.19613,False
97.496,0.593762,-0.191536,9.09318,False
97.612,0.550666,-0.143652,9.06924,False
97.728,0.600945,-0.225055,8.76757,False
97.843,0.64404,-0.172383,9.02853,False
97.958,0.61531,-0.217872,9.21049,False
98.074,0.567426,-0.186748,9.10754,False
98.189,0.600945,-0.251391,9.13627,False
98.304,0.64404,-0.189142,9.00938,False
98.425,0.543484,-0.184354,9.03811,False
98.539,0.620098,-0.222661,9.07163,False
98.653,0.553061,-0.222661,9.11473,False
98.766,0.610522,-0.237026,9.15782,False
98.929,0.596156,-0.1652,9.1243,False
99.046,0.519542,-0.179565,9.01896,False
99.164,0.610522,-0.1652,9.14106,False
99.279,0.565032,-0.146046,9.09557,False
99.394,0.586579,-0.220267,9.07402,False
99.51,0.56982,-0.227449,9.09797,False
99.626,0.663194,-0.208296,9.07402,False
99.742,0.519542,-0.215478,9.03333,False
99.857,0.490811,-0.1652,9.16979,False
99.975,0.593762,-0.205901,9.05008,False
100.089,0.565032,-0.248997,9.11712,False
100.203,0.560243,-0.227449,9.07881,False
100.317,0.665588,-0.186748,9.08839,False
100.478,0.629675,-0.21069,9.15543,False
100.594,0.593762,-0.220267,9.04769,False
100.711,0.610522,-0.184354,9.06205,False
100.827,0.565032,-0.229843,9.08599,False
100.943,0.610522,-0.134075,9.06684,False
101.058,0.56982,-0.150835,9.02375,False
101.174,0.651223,-0.186748,9.10994,False
101.29,0.596156,-0.179565,9.07642,False
101.405,0.682348,-0.150835,9.165,False
101.522,0.581791,-0.227449,9.18176,False
101.637,0.679953,-0.196325,9.10754,False
101.75,0.617704,-0.225055,9.07881,False
101.864,0.600945,-0.196325,9.0429,False
102.027,0.581791,-0.167594,9.11233,False
102.142,0.624887,-0.1652,9.03093,False
102.258,0.61531,-0.225055,9.03093,False
102.374,0.550666,-0.205901,9.02375,False
102.49,0.648829,-0.225055,9.08839,False
102.606,0.651223,-0.201113,8.99502,False
102.721,0.624887,-0.107739,9.07163,False
102.836,0.598551,-0.21069,9.09797,False
102.953,0.577003,-0.241814,9.1243,False
103.071,0.61531,-0.217872,9.00938,False
103.185,0.579397,-0.19393,9.09797,False
103.298,0.646435,-0.146046,9.03811,False
103.461,0.665588,-0.179565,9.00459,False
103.583,0.598551,-0.213084,9.23204,False
103.7,0.572214,-0.208296,9.09797,False
103.817,0.591368,-0.225055,9.11473,False
103.932,0.636858,-0.181959,8.93755,False
104.048,0.577003,-0.215478,9.12191,False
104.165,0.64404,-0.225055,9.0022,False
104.28,0.579397,-0.198719,9.06205,False
104.396,0.538695,-0.217872,9.10276,False
104.513,0.538695,-0.177171,9.08599,False
104.626,0.577003,-0.167594,9.13867,False
104.741,0.627281,-0.177171,9.11473,False
104.854,0.574608,-0.222661,9.11712,False
105.018,0.632069,-0.217872,9.06205,False
105.135,0.6608,-0.19393,9.09318,False
105.25,0.548272,-0.198719,9.05008,False
105.366,0.603339,-0.215478,9.1243,False
105.481,0.557849,-0.196325,9.11712,False
105.596,0.550666,-0.184354,8.98544,False
105.712,0.586579,-0.124499,9.13148,False
105.829,0.574608,-0.1652,9.11233,False
105.944,0.605733,-0.162806,8.95192,False
106.064,0.577003,-0.189142,9.0405,False
106.177,0.577003,-0.203507,9.08599,False
106.291,0.52433,-0.220267,9.06684,False
106.405,0.627281,-0.21069,9.11473,False
106.567,0.61531,-0.23942,9.06205,False
106.683,0.622493,-0.198719,9.00459,False
106.8,0.598551,-0.179565,9.09318,False
106.916,0.586579,-0.215478,9.17219,False
107.032,0.598551,-0.19393,9.07163,False
107.147,0.555455,-0.198719,9.10515,False
107.263,0.667982,-0.160412,9.07163,False
107.379,0.588974,-0.201113,9.15543,False
107.495,0.612916,-0.205901,9.05248,False
107.613,0.598551,-0.246603,9.10036,False
107.728,0.536301,-0.1652,9.07881,False
107.841,0.545878,-0.19393,9.07881,False
107.956,0.584185,-0.201113,8.99741,False
108.118,0.596156,-0.217872,9.03572,False
108.235,0.562637,-0.237026,9.06924,False
108.35,0.600945,-0.198719,9.07163,False
108.465,0.577003,-0.189142,8.96868,False
108.581,0.600945,-0.153229,9.06205,False
108.696,0.574608,-0.220267,9.06924,False
108.811,0.596156,-0.155623,8.99981,False
108.927,0.574608,-0.172383,9.06205,False
109.043,0.553061,-0.169988,9.08121,False
109.163,0.553061,-0.162806,8.97826,False
109.276,0.545878,-0.198719,9.10515,False
109.39,0.577003,-0.213084,9.0405,False
109.551,0.581791,-0.205901,9.17219,False
109.668,0.593762,-0.1652,9.07402,False
109.784,0.632069,-0.205901,9.14585,False
109.9,0.555455,-0.196325,8.95671,False
110.017,0.577003,-0.205901,9.01896,False
110.132,0.608127,-0.169988,8.94713,False
110.248,0.572214,-0.229843,8.99981,False
110.363,0.565032,-0.138864,9.05487,False
110.478,0.617704,-0.150835,9.08121,False
110.595,0.545878,-0.215478,9.0453,False
110.71,0.622493,-0.1652,9.06684,False
110.824,0.622493,-0.203507,9.07402,False
110.938,0.627281,-0.172383,8.97347,False
111.099,0.627281,-0.181959,9.06445,False
111.216,0.672771,-0.208296,9.01896,False
111.333,0.584185,-0.215478,9.14825,False
111.449,0.584185,-0.198719,9.17937,False
111.565,0.600945,-0.189142,9.05248,False
111.68,0.56982,-0.174777,9.0429,False
111.795,0.61531,-0.153229,9.11712,False
111.912,0.581791,-0.177171,9.05008,False
112.027,0.603339,-0.208296,9.02853,False
112.146,0.56982,-0.169988,8.9591,False
112.26,0.593762,-0.138864,9.07642,False
112.374,0.622493,-0.179565,9.0022,False
112.538,0.56982,-0.21069,9.01896,False
112.653,0.579397,-0.162806,9.06445,False
112.77,0.596156,-0.191536,9.07402,False
112.885,0.632069,-0.196325,9.12191,False
113.001,0.624887,-0.191536,9.09557,False
113.119,0.622493,-0.198719,9.10515,False
113.234,0.562637,-0.1652,9.0836,False
113.35,0.603339,-0.208296,9.01178,False
113.465,0.577003,-0.246603,9.12191,False
113.583,0.579397,-0.203507,9.08599,False
113.698,0.545878,-0.179565,9.07163,False
113.811,0.605733,-0.110133,8.71489,False
113.925,0.574608,-0.177171,9.17458,False
114.087,0.533907,-0.158017,9.11712,False
114.206,0.610522,-0.222661,9.11233,False
114.322,0.639252,-0.19393,9.12909,False
114.438,0.579397,-0.227449,9.12909,False
114.553,0.588974,-0.220267,9.07163,False
114.668,0.596156,-0.179565,9.05008,False
114.785,0.610522,-0.1652,9.05008,False
114.9,0.584185,-0.196325,9.03811,False
115.016,0.603339,-0.191536,9.02853,False
115.133,0.555455,-0.146046,9.00938,False
115.247,0.586579,-0.174777,9.165,False
115.361,0.61531,-0.179565,9.12909,False
115.473,0.596156,-0.186748,9.13388,False
115.637,0.622493,-0.153229,9.0453,False
115.754,0.627281,-0.167594,9.13627,False
115.87,0.574608,-0.208296,9.05248,False
115.985,0.577003,-0.237026,9.01417,False
116.1,0.581791,-0.229843,9.09079,False
116.216,0.600945,-0.205901,9.02375,False
116.332,0.574608,-0.198719,9.1243,False
116.447,0.555455,-0.189142,9.09557,False
116.563,0.579397,-0.136469,9.1674,False
116.682,0.639252,-0.191536,9.02853,False
116.797,0.636858,-0.153229,9.03333,False
116.912,0.600945,-0.21069,9.05248,False
117.075,0.572214,-0.19393,9.03333,False
117.192,0.579397,-0.225055,9.08599,False
117.308,0.533907,-0.181959,8.97586,False
117.423,0.608127,-0.244209,9.00938,False
117.539,0.586579,-0.213084,9.05727,False
117.654,0.672771,-0.167594,9.16979,False
117.77,0.581791,-0.272939,9.03333,False
117.885,0.545878,-0.186748,9.19134,False
118.002,0.656011,-0.23942,9.18655,False
118.12,0.670377,-0.215478,9.17937,False
118.234,0.624887,-0.196325,9.165,False
118.347,0.61531,-0.222661,9.09079,False
118.461,0.555455,-0.229843,9.16261,False
118.624,0.629675,-0.136469,9.09318,False
118.739,0.603339,-0.172383,9.02853,False
118.856,0.663194,-0.258574,9.03333,False
118.971,0.548272,-0.1652,9.0836,False
119.087,0.603339,-0.251391,9.00938,False
119.206,0.610522,-0.19393,9.01178,False
119.322,0.591368,-0.181959,9.0405,False
119.437,0.579397,-0.179565,9.16979,False
119.552,0.565032,-0.141258,9.15303,False
119.667,0.598551,-0.158017,9.11712,False
119.783,0.588974,-0.222661,9.06205,False
119.896,0.52433,-0.215478,9.10276,False
120.011,0.653617,-0.191536,9.14346,False
120.172,0.610522,-0.196325,9.07163,False
120.289,0.553061,-0.153229,9.03093,False
120.406,0.579397,-0.160412,9.10276,False
120.522,0.622493,-0.225055,9.17698,False
120.638,0.579397,-0.227449,8.95432,False
120.753,0.624887,-0.201113,9.22965,False
120.869,0.545878,-0.215478,8.99023,False
120.984,0.550666,-0.241814,9.16979,False
121.099,0.622493,-0.227449,8.99262,False
121.218,0.577003,-0.227449,9.05008,False
121.333,0.579397,-0.181959,9.12191,False
121.446,0.543484,-0.201113,9.1243,False
121.607,0.565032,-0.205901,9.1243,False
121.722,0.629675,-0.1652,8.99262,False
121.838,0.677559,-0.225055,9.01417,False
121.954,0.579397,-0.1652,9.11712,False
122.076,0.636858,-0.263362,9.09797,False
122.191,0.586579,-0.213084,9.1243,False
122.307,0.641646,-0.213084,9.06924,False
122.422,0.591368,-0.246603,9.14585,False
122.539,0.584185,-0.191536,9.07881,False
122.654,0.610522,-0.196325,9.13148,False
122.768,0.598551,-0.215478,9.13867,False
122.882,0.565032,-0.213084,9.10276,False
122.996,0.572214,-0.23942,9.05008,False
123.154,0.620098,-0.201113,9.06445,False
123.27,0.632069,-0.227449,9.10515,False
123.386,0.567426,-0.191536,9.07163,False
123.502,0.620098,-0.220267,9.03093,False
123.619,0.617704,-0.215478,8.95192,False
123.734,0.603339,-0.177171,9.0453,False
123.849,0.591368,-0.155623,9.00699,False
123.964,0.620098,-0.203507,9.13627,False
124.081,0.629675,-0.225055,9.10515,False
124.201,0.627281,-0.167594,9.06445,False
124.316,0.584185,-0.184354,9.10276,False
124.429,0.572214,-0.196325,9.08839,False
124.591,0.435745,-0.1652,9.06924,False
124.708,0.651223,-0.215478,9.1243,False
124.825,0.588974,-0.217872,9.15543,False
124.94,0.641646,-0.186748,9.05487,False
125.055,0.591368,-0.208296,9.09557,False
125.17,0.632069,-0.244209,9.07881,False
125.286,0.577003,-0.162806,9.0405,False
125.401,0.548272,-0.141258,9.12191,False
125.516,0.658406,-0.179565,9.09079,False
125.636,0.577003,-0.260968,9.13867,False
125.75,0.627281,-0.253785,9.10036,False
125.864,0.588974,-0.213084,9.05487,False
125.978,0.624887,-0.196325,9.0022,False
126.14,0.565032,-0.184354,9.09557,False
126.257,0.572214,-0.148441,9.04769,False
126.373,0.627281,-0.215478,9.13627,False
126.489,0.596156,-0.232238,9.04769,False
126.604,0.600945,-0.184354,9.09079,False
126.719,0.605733,-0.153229,9.15303,False
126.834,0.653617,-0.143652,9.11233,False
126.951,0.588974,-0.215478,8.99741,False
127.067,0.603339,-0.203507,9.09557,False
127.183,0.593762,-0.205901,9.03093,False
127.296,0.610522,-0.179565,9.13867,False
127.411,0.56982,-0.186748,9.165,False
127.525,0.648829,-0.19393,9.00938,False
127.685,0.605733,-0.21069,9.02135,False
127.801,0.584185,-0.227449,9.10276,False
127.917,0.565032,-0.225055,9.02853,False
128.033,0.562637,-0.237026,9.01417,False
128.148,0.596156,-0.169988,9.06684,False
128.264,0.617704,-0.208296,9.13388,False
128.379,0.603339,-0.184354,9.11712,False
128.496,0.70629,-0.186748,9.14346,False
128.612,0.574608,-0.241814,9.14106,False
128.733,0.579397,-0.246603,9.03811,False
128.847,0.577003,-0.184354,9.09318,False
128.961,0.586579,-0.150835,9.11951,False
129.126,0.581791,-0.237026,9.07881,False
129.244,0.596156,-0.181959,9.07881,False
129.36,0.579397,-0.19393,9.10515,False
129.475,0.641646,-0.148441,9.08121,False
129.59,0.577003,-0.189142,9.06205,False
129.706,0.588974,-0.203507,9.09797,False
129.821,0.577003,-0.232238,9.09797,False
129.937,0.593762,-0.174777,9.04769,False
130.052,0.600945,-0.251391,9.06684,False
130.168,0.593762,-0.227449,9.01178,False
130.283,0.548272,-0.213084,9.08121,False
130.396,0.612916,-0.191536,9.10754,False
130.51,0.588974,-0.234632,9.05966,False
130.672,0.572214,-0.215478,9.13148,False
130.79,0.572214,-0.225055,9.06445,False
130.905,0.608127,-0.177171,9.06205,False
131.02,0.574608,-0.203507,9.08121,False
131.136,0.610522,-0.23942,9.08839,False
131.251,0.517148,-0.189142,9.07642,False
131.367,0.608127,-0.158017,9.02375,False
131.482,0.584185,-0.196325,9.02375,False
131.598,0.663194,-0.234632,9.08121,False
131.719,0.579397,-0.169988,9.05727,False
131.834,0.627281,-0.134075,9.17937,False
131.948,0.596156,-0.1652,9.11951,False
132.11,0.56982,-0.208296,9.07163,False
132.225,0.603339,-0.215478,9.13148,False
132.342,0.632069,-0.177171,9.0405,False
132.458,0.632069,-0.169988,9.46667,False
132.573,0.603339,-0.196325,9.01896,False
132.688,0.608127,-0.213084,9.15303,False
132.803,0.588974,-0.189142,9.07642,False
132.919,0.636858,-0.196325,9.08599,False
133.035,0.64404,-0.191536,9.10994,False
133.153,0.632069,-0.136469,9.08839,False
133.268,0.593762,-0.160412,9.07163,False
133.381,0.577003,-0.169988,9.06684,False
133.496,0.622493,-0.179565,9.06205,False
133.656,0.624887,-0.186748,9.14585,False
133.773,0.605733,-0.181959,9.10276,False
133.889,0.54109,-0.225055,9.11951,False
134.005,0.584185,-0.191536,9.07881,False
134.121,0.603339,-0.201113,9.07881,False
134.24,0.56982,-0.203507,9.02853,False
134.355,0.605733,-0.160412,9.09318,False
134.47,0.550666,-0.203507,9.33978,False
134.585,0.543484,-0.232238,9.14346,False
134.703,0.591368,-0.186748,9.08839,False
134.818,0.64404,-0.234632,9.13627,False
134.931,0.543484,-0.198719,9.09797,False
135.044,0.553061,-0.215478,9.0429,False
135.205,0.598551,-0.1652,9.13627,False
135.323,0.61531,-0.225055,9.13867,False
135.438,0.605733,-0.124499,9.11473,False
135.553,0.605733,-0.260968,9.05966,False
135.668,0.591368,-0.191536,9.09079,False
135.785,0.603339,-0.201113,9.10036,False
135.9,0.596156,-0.179565,9.00938,False
136.016,0.565032,-0.23942,9.11951,False
136.131,0.624887,-0.208296,9.05487,False
136.248,0.584185,-0.248997,9.13627,False
136.363,0.646435,-0.186748,9.06445,False
136.476,0.610522,-0.19393,9.11951,False
136.635,0.584185,-0.196325,9.16022,False
136.752,0.581791,-0.208296,9.13148,False
136.868,0.64404,-0.167594,9.09797,False
136.984,0.591368,-0.189142,9.07163,False
137.099,0.648829,-0.186748,9.11951,False
137.214,0.567426,-0.189142,9.12909,False
137.33,0.634464,-0.19393,9.11233,False
137.446,0.593762,-0.181959,9.10515,False
137.562,0.682348,-0.160412,10.8074,False
137.677,0.581791,-0.229843,9.20331,False
137.791,0.52433,-0.208296,9.0405,False
137.905,0.588974,-0.220267,9.10994,False
138.019,0.608127,-0.23942,9.03811,False
138.174,0.517148,-0.225055,8.99262,False
138.291,0.596156,-0.260968,9.13867,False
138.407,0.557849,-0.114922,9.08839,False
138.522,0.632069,-0.196325,9.10515,False
138.638,0.605733,-0.19393,9.10036,False
138.753,0.598551,-0.229843,9.07163,False
138.869,0.600945,-0.198719,9.08121,False
138.984,0.581791,-0.215478,9.07642,False
139.099,0.622493,-0.179565,9.07881,False
139.215,0.521936,-0.232238,9.05487,False
139.33,0.531513,-0.205901,9.07881,False
139.443,0.64404,-0.222661,9.02375,False
139.557,0.548272,-0.172383,9.02135,False
139.715,0.617704,-0.169988,9.07642,False
139.833,0.651223,-0.208296,9.07881,False
139.948,0.579397,-0.237026,9.02135,False
140.063,0.641646,-0.189142,9.04769,False
140.179,0.56982,-0.136469,9.02614,False
140.294,0.562637,-0.174777,9.09797,False
140.411,0.584185,-0.143652,8.98544,False
140.532,0.596156,-0.150835,9.05727,False
140.647,0.610522,-0.136469,9.08121,False
140.763,0.543484,-0.205901,9.10515,False
140.876,0.648829,-0.1652,9.09797,False
140.991,0.61531,-0.217872,9.06205,False
141.151,0.572214,-0.234632,9.05966,False
141.268,0.634464,-0.217872,9.10515,False
141.383,0.586579,-0.179565,9.07402,False
141.499,0.70629,-0.179565,9.10036,False
141.614,0.562637,-0.191536,9.18895,False
141.73,0.565032,-0.162806,9.07402,False
141.846,0.529119,-0.201113,9.06205,False
141.961,0.608127,-0.241814,9.11473,False
142.077,0.586579,-0.169988,9.05966,False
142.192,0.562637,-0.19393,9.12191,False
142.307,0.641646,-0.191536,9.10036,False
142.421,0.605733,-0.227449,9.05487,False
142.535,0.605733,-0.227449,9.08839,False
142.693,0.505177,-0.201113,9.08839,False
142.809,0.627281,-0.186748,9.02853,False
142.925,0.591368,-0.181959,9.09079,False
143.041,0.562637,-0.196325,9.0405,False
143.157,0.610522,-0.225055,9.09079,False
143.274,0.608127,-0.21069,9.0453,False
143.389,0.610522,-0.160412,9.10754,False
143.504,0.620098,-0.189142,9.09797,False
143.621,0.591368,-0.198719,9.11473,False
143.737,0.598551,-0.205901,9.17458,False
143.851,0.553061,-0.1652,9.06684,False
143.965,0.646435,-0.222661,9.05727,False
144.124,0.605733,-0.19393,9.14585,False
144.243,0.622493,-0.177171,9.165,False
144.358,0.567426,-0.196325,9.10036,False
144.473,0.596156,-0.196325,9.06445,False
144.588,0.555455,-0.174777,9.06445,False
144.704,0.562637,-0.225055,9.00699,False
144.819,0.651223,-0.177171,9.08599,False
144.935,0.581791,-0.227449,9.02853,False
145.052,0.598551,-0.158017,9.1267,False
145.167,0.577003,-0.225055,9.0429,False
145.281,0.610522,-0.203507,9.06445,False
145.395,0.586579,-0.198719,9.15543,False
145.509,0.605733,-0.19393,9.13867,False
145.669,0.641646,-0.220267,9.09318,False
145.786,0.557849,-0.172383,9.07881,False
145.901,0.605733,-0.213084,9.13627,False
146.016,0.567426,-0.208296,9.08121,False
146.131,0.605733,-0.181959,9.11233,False
146.247,0.632069,-0.174777,9.05248,False
146.363,0.612916,-0.181959,9.07402,False
146.478,0.586579,-0.162806,9.03333,False
146.594,0.579397,-0.213084,9.11951,False
146.713,0.632069,-0.205901,9.05248,False
146.827,0.572214,-0.234632,9.07642,False
146.941,0.567426,-0.215478,9.14346,False
147.097,0.565032,-0.282516,9.01417,False
147.214,0.567426,-0.198719,9.05248,False
147.331,0.555455,-0.174777,9.07881,False
147.446,0.579397,-0.184354,9.13627,False
147.562,0.598551,-0.232238,9.06924,False
147.678,0.533907,-0.174777,9.05727,False
147.793,0.536301,-0.220267,9.06924,False
147.91,0.653617,-0.179565,9.15064,False
148.025,0.555455,-0.220267,9.09797,False
148.14,0.560243,-0.169988,9.09079,False
148.254,0.622493,-0.220267,9.11473,False
148.37,0.548272,-0.169988,9.08839,False
148.483,0.596156,-0.177171,9.0429,False
148.644,0.603339,-0.208296,9.08839,False
148.759,0.612916,-0.19393,9.0836,False
148.875,0.562637,-0.196325,9.0022,False
148.992,0.593762,-0.155623,9.06684,False
149.108,0.627281,-0.150835,9.14585,False
149.225,0.627281,-0.189142,9.11951,False
149.34,0.622493,-0.1652,9.06924,False
149.457,0.572214,-0.213084,9.02853,False
149.572,0.538695,-0.203507,9.11951,False
149.687,0.61531,-0.122104,9.08121,False
149.8,0.608127,-0.23942,9.00699,False
149.915,0.617704,-0.198719,9.02614,False
150.028,0.600945,-0.0957681,9.07402,False
150.186,0.610522,-0.198719,9.0022,False
150.303,0.579397,-0.208296,9.07163,False
150.418,0.61531,-0.160412,9.03093,False
150.534,0.610522,-0.251391,9.10036,False
150.649,0.691924,-0.186748,9.0453,False
150.765,0.591368,-0.181959,9.11473,False
150.88,0.584185,-0.186748,9.13388,False
150.996,0.596156,-0.184354,9.08839,False
151.112,0.651223,-0.198719,9.07163,False
151.229,0.639252,-0.186748,9.11473,False
151.343,0.567426,-0.234632,9.04769,False
151.457,0.622493,-0.1652,9.15782,False
151.616,0.641646,-0.162806,9.09557,False
151.731,0.605733,-0.201113,9.05248,False
151.847,0.639252,-0.191536,9.09318,False
151.963,0.646435,-0.215478,9.03333,False
152.079,0.608127,-0.174777,9.09797,False
152.194,0.608127,-0.196325,9.13148,False
152.309,0.603339,-0.203507,9.03572,False
152.425,0.617704,-0.177171,9.13867,False
152.541,0.64404,-0.189142,9.09079,False
152.657,0.545878,-0.208296,9.07881,False
152.772,-2.09732,-0.859519,9.43555,False
152.886,0.773327,-0.162806,9.14825,False
153.0,1.68073,-0.428562,10.4986,False
153.16,-4.63757,0.225055,6.68701,False
153.276,-8.25042,-0.459687,2.82037,False
153.392,-9.07881,0.826,1.36709,False
153.508,-9.37569,0.373495,-0.493206,True
153.624,-9.25599,0.52433,-0.718261,True
153.739,-9.49062,0.447716,-1.02711,True
153.854,-9.41161,0.52433,-1.21147,True
153.968,-6.33985,-0.337582,4.00311,False
154.084,-8.59279,-0.488417,5.99269,False
154.206,-1.652,11.1546,6.48589,False
154.32,0.708684,-0.177171,9.01178,False
154.433,0.553061,-0.148441,9.06445,False
154.547,0.584185,-0.129287,9.0429,False
154.707,0.639252,-0.141258,9.15543,False
154.824,0.557849,-0.126893,9.15782,False
154.94,0.627281,-0.155623,8.76757,False
155.055,5.42047,0.490811,9.20571,False
155.171,-0.739808,-0.442927,9.67497,False
155.288,-3.87142,-0.0766145,7.42921,False
155.404,-8.69335,-0.107739,1.73101,False
155.52,-9.38288,0.543484,-0.567426,True
155.635,-9.38288,0.6608,-0.68953,True
155.75,-9.165,0.629675,-0.948104,True
155.865,-9.44752,0.579397,-0.773327,True
155.978,-9.19373,0.622493,-0.823606,True
156.136,-9.44273,0.517148,-0.919374,True
156.253,-8.93516,0.804452,0.797269,False
156.369,-8.72447,0.0646434,2.28646,False
156.484,-7.43639,-0.598551,6.67504,False
156.599,-2.95205,-0.52433,8.4635,False
156.714,0.253785,-0.150835,8.81066,False
156.831,0.620098,-0.129287,9.05727,False
156.946,0.634464,-0.181959,9.07642,False
157.061,0.656011,-0.124499,9.12909,False
157.179,0.610522,-0.158017,9.11473,False
157.294,0.598551,-0.167594,9.10276,False
157.409,0.632069,-0.0766145,9.00938,False
157.522,0.634464,-0.143652,9.07402,False
157.681,0.588974,-0.184354,9.03811,False
157.798,0.581791,-0.150835,9.0405,False
157.915,0.622493,-0.205901,9.10276,False
158.031,0.560243,-0.203507,9.1243,False
158.147,0.627281,-0.126893,9.12191,False
158.262,0.605733,-0.158017,9.01417,False
158.377,0.677559,-0.148441,9.01178,False
158.493,0.593762,-0.162806,9.05966,False
158.608,0.634464,-0.129287,9.08121,False
158.724,0.61531,-0.160412,9.02135,False
158.837,0.629675,-0.153229,9.0022,False
158.958,0.596156,-0.1652,9.06445,False
159.072,0.584185,-0.146046,9.10994,False
159.232,0.600945,-0.0837971,9.11233,False
159.35,0.584185,-0.208296,9.09318,False
159.465,0.603339,-0.172383,9.11233,False
159.582,0.605733,-0.172383,8.99981,False
159.697,0.586579,-0.150835,9.0453,False
159.813,0.605733,-0.117316,9.14585,False
159.928,0.696713,-0.158017,9.12191,False
160.044,0.572214,-0.181959,9.07163,False
160.161,0.665588,-0.160412,9.12909,False
160.277,0.591368,-0.138864,9.12909,False
160.39,0.636858,-0.138864,9.07402,False
160.504,0.586579,-0.150835,9.03093,False
160.665,0.64404,-0.169988,9.05487,False
160.782,0.641646,-0.100556,9.05727,False
160.897,0.603339,-0.179565,9.07402,False
161.013,0.627281,-0.117316,9.03811,False
161.129,0.608127,-0.189142,9.10036,False
161.245,0.610522,-0.126893,9.06924,False
161.36,0.560243,-0.191536,9.08839,False
161.476,0.603339,-0.177171,9.05487,False
161.591,0.593762,-0.201113,9.07402,False
161.708,0.574608,-0.155623,8.99023,False
161.824,0.608127,-0.169988,9.06445,False
161.937,0.612916,-0.215478,9.02135,False
162.05,0.610522,-0.148441,9.13148,False
162.211,0.610522,-0.196325,9.0453,False
162.329,0.600945,-0.189142,9.12191,False
162.444,0.596156,-0.160412,9.14825,False
162.56,0.610522,-0.150835,9.14346,False
162.675,0.610522,-0.136469,9.10036,False
162.791,0.603339,-0.162806,9.01417,False
162.907,0.634464,-0.184354,9.10036,False
163.022,0.588974,-0.172383,9.05487,False
163.137,0.617704,-0.143652,9.20092,False
163.253,0.636858,-0.215478,8.99981,False
163.368,0.639252,-0.201113,9.1267,False
163.481,0.605733,-0.181959,9.12191,False
163.642,0.605733,-0.201113,9.11712,False
163.759,0.646435,-0.153229,9.06684,False
163.875,0.646435,-0.172383,9.17458,False
163.99,0.565032,-0.146046,9.05727,False
164.106,0.603339,-0.124499,9.03811,False
164.221,0.529119,-0.186748,8.99502,False
164.336,0.622493,-0.172383,9.06924,False
164.453,0.622493,-0.1652,8.94474,False
164.568,0.603339,-0.162806,9.21528,False
164.684,0.591368,-0.158017,9.13148,False
164.799,0.651223,-0.134075,9.11233,False
164.914,0.622493,-0.179565,9.10276,False
165.028,0.577003,-0.179565,9.04769,False
165.188,0.629675,-0.1652,9.09797,False
165.304,0.596156,-0.191536,9.1267,False
165.421,0.61531,-0.0885855,9.05008,False
165.537,0.610522,-0.167594,9.05966,False
165.653,0.6608,-0.1652,9.05248,False
165.769,0.574608,-0.191536,9.16022,False
165.884,0.627281,-0.131681,9.04769,False
166.0,0.653617,-0.150835,9.12909,False
166.116,0.586579,-0.177171,9.06924,False
166.232,0.622493,-0.153229,9.10036,False
166.346,0.612916,-0.124499,9.11712,False
166.46,0.64404,-0.148441,9.0405,False
166.575,0.579397,-0.153229,9.05966,False
166.734,0.581791,-0.177171,9.05487,False
166.851,0.636858,-0.150835,9.12191,False
166.966,0.560243,-0.213084,9.06445,False
167.083,0.605733,-0.158017,9.05487,False
167.198,0.603339,-0.189142,9.08121,False
167.314,0.646435,-0.138864,9.03333,False
167.429,0.591368,-0.172383,9.02375,False
167.544,0.622493,-0.124499,9.06445,False
167.66,0.624887,-0.158017,9.11473,False
167.776,0.584185,-0.181959,9.10515,False
167.89,0.641646,-0.196325,9.10754,False
168.004,0.598551,-0.162806,9.11951,False
168.165,0.68953,-0.191536,9.05487,False
168.282,0.603339,-0.134075,9.15543,False
168.397,0.622493,-0.174777,9.11951,False
168.513,0.605733,-0.150835,9.10515,False
168.628,0.627281,-0.220267,9.12191,False
168.744,0.648829,-0.114922,9.11233,False
168.859,0.536301,-0.138864,9.09318,False
168.975,0.648829,-0.143652,9.06205,False
169.091,0.634464,-0.126893,9.03572,False
169.209,0.61531,-0.181959,9.11233,False
169.324,0.605733,-0.134075,9.05966,False
169.438,0.61531,-0.198719,9.10276,False
169.551,0.624887,-0.174777,9.10994,False
169.708,0.577003,-0.124499,9.11233,False
169.826,0.679953,-0.201113,9.08599,False
169.941,0.620098,-0.129287,9.06445,False
170.057,0.636858,-0.155623,9.01417,False
170.173,0.651223,-0.129287,8.64067,False
170.29,0.610522,-0.241814,9.1243,False
170.405,0.581791,-0.122104,9.1267,False
170.52,0.617704,-0.136469,9.14106,False
170.635,0.636858,-0.071826,9.11951,False
170.751,0.529119,-0.19393,9.09797,False
170.866,0.64404,-0.169988,9.06205,False
170.979,0.555455,-0.172383,9.05008,False
171.135,0.64404,-0.184354,9.09797,False
171.252,0.610522,-0.148441,9.0429,False
171.368,0.610522,-0.208296,9.07402,False
171.483,0.61531,-0.134075,9.08839,False
171.598,0.536301,-0.201113,9.05966,False
171.713,0.627281,-0.213084,9.05727,False
171.829,0.600945,-0.198719,9.09557,False
171.945,0.634464,-0.25618,9.09797,False
172.061,0.641646,-0.141258,9.05008,False
172.178,0.581791,-0.196325,9.0453,False
172.291,0.667982,-0.112527,9.09557,False
172.406,0.54109,-0.129287,9.13627,False
172.52,0.665588,-0.110133,9.0429,False
172.675,0.624887,-0.0670376,8.97586,False
172.792,0.61531,-0.114922,9.02853,False
172.908,0.682348,-0.174777,9.06684,False
173.023,0.584185,-0.177171,9.01896,False
173.138,0.627281,-0.122104,9.10994,False
173.253,0.641646,-0.184354,8.99981,False
173.369,0.656011,-0.122104,9.02853,False
173.485,0.600945,-0.141258,9.12191,False
173.601,0.608127,-0.155623,9.13148,False
173.718,0.627281,-0.177171,9.00459,False
173.833,0.591368,-0.186748,9.01896,False
173.947,0.588974,-0.124499,9.02375,False
174.06,0.591368,-0.198719,9.13148,False
7.496,0.603339,-0.169988,9.03333,False
7.617,0.634464,-0.184354,9.05727,False
7.731,0.636858,-0.141258,9.09318,False
7.845,0.545878,-0.201113,9.10994,False
7.959,0.567426,-0.174777,9.09797,False
8.074,0.608127,-0.129287,9.03093,False
8.188,0.648829,-0.196325,9.12909,False
8.302,0.593762,-0.205901,9.16022,False
8.416,0.632069,-0.184354,9.05487,False
8.53,0.538695,-0.167594,9.09557,False
8.644,0.646435,-0.169988,9.12191,False
8.757,0.579397,-0.174777,9.0453,False
8.872,0.617704,-0.110133,9.13867,False
9.031,0.624887,-0.148441,9.10276,False
9.148,0.562637,-0.129287,9.09557,False
9.263,0.651223,-0.100556,8.94713,False
9.378,0.639252,-0.114922,9.13388,False
9.494,0.553061,-0.160412,9.15303,False
9.61,0.620098,-0.158017,9.05727,False
9.725,0.598551,-0.19393,9.10515,False
9.84,0.593762,-0.181959,9.10036,False
9.956,0.591368,-0.1652,9.07163,False
10.07,0.608127,-0.215478,9.15303,False
10.184,0.598551,-0.177171,9.11233,False
10.298,0.531513,-0.155623,9.05487,False
10.412,0.608127,-0.160412,9.06684,False
10.567,0.656011,-0.191536,9.15782,False
10.684,0.47884,-0.213084,8.96868,False
10.799,0.636858,-0.114922,9.01417,False
10.916,0.584185,-0.150835,9.09318,False
11.031,0.545878,-0.203507,9.03333,False
11.146,0.565032,-0.141258,9.10515,False
11.261,0.766145,-0.277727,9.0022,False
11.376,0.555455,-0.186748,9.10754,False
11.492,0.603339,-0.134075,9.05487,False
11.608,0.454898,-0.11971,8.68377,False
11.722,0.873884,-0.11971,8.97107,False
11.835,0.675165,-0.141258,9.02135,False
11.95,0.73502,-0.179565,9.07642,False
12.11,0.682348,-0.213084,9.08599,False
12.227,0.35913,-0.184354,9.09318,False
12.342,0.158017,0.296881,9.7851,False
12.458,-3.86185,-0.28491,8.7963,False
12.574,-4.379,2.10211,6.5242,False
12.69,-7.2664,0.981623,4.49631,False
12.806,-8.21211,0.268151,3.15556,False
12.921,-8.48505,0.318429,1.81002,False
13.037,-9.1243,0.842759,0.251391,False
13.151,-9.00459,0.995988,-0.711078,True
13.264,-9.37569,1.16598,-1.39103,True
13.377,-9.32542,1.51074,-1.37188,True
13.491,-9.87848,1.40061,-1.52511,True
13.648,-10.2496,2.00874,0.0574608,False
13.765,-9.38048,2.43969,1.83396,False
13.88,-7.54413,2.20267,4.67827,False
13.996,-5.95438,1.59454,6.54335,False
14.112,-3.45244,0.797269,8.31985,False
14.227,-0.158017,1.02951,9.14585,False
14.342,4.72615,0.80924,8.93516,False
14.458,6.75883,0.560243,6.30393,False
14.573,8.37013,0.304064,4.20661,False
14.689,9.2919,0.229843,1.81002,False
14.801,10.1155,0.0574608,0.598551,False
14.916,10.3908,0.0454898,-0.869095,True
15.029,10.2424,-0.102951,-0.646435,True
15.185,10.3549,-0.0885855,-1.15401,True
15.302,10.4986,-0.047884,-1.46525,True
15.418,10.4004,-0.732626,-0.162806,True
15.534,8.81306,-0.138864,4.07254,False
15.649,5.6575,-0.823606,8.339,False
15.764,0.318429,-0.557849,8.9591,False
15.88,-0.864307,0.471658,9.5385,False
15.997,-0.253785,2.13802,10.7332,False
16.113,0.40462,4.13479,8.25282,False
16.228,0.684742,5.95917,6.39491,False
16.342,0.337582,7.92481,3.83551,False
16.456,1.43892,9.45231,2.19548,False
16.57,1.07978,9.3733,1.31442,False
16.683,1.09894,9.69652,0.241814,False
16.84,0.76375,9.77313,-0.610522,True
16.958,0.42138,9.89524,-1.06542,True
17.073,0.265756,10.1059,-1.59454,True
17.188,0.268151,9.68694,-1.74058,True
17.305,0.332794,9.72764,-1.67594,True
17.42,0.0957681,9.55286,-2.00634,True
17.536,0.198719,9.80904,-2.21943,True
17.651,0.304064,9.86411,-2.37505,True
17.767,0.320823,9.77792,-3.69186,True
17.882,0.246603,7.34781,-0.19393,True
17.997,0.0837971,5.07331,5.54976,False
18.111,2.83713,2.20745,12.6438,False
18.225,1.3623,-1.53468,13.9295,False
18.383,1.7334,-0.4956,7.38372,False
18.5,3.14838,-1.08457,8.04452,False
18.616,1.37188,-0.0143652,8.20732,False
18.731,0.632069,-0.172383,8.96389,False
18.847,0.699107,-0.155623,9.06205,False
18.963,0.70629,-0.19393,9.0453,False
19.079,0.672771,-0.196325,9.02375,False
19.195,1.03669,-0.134075,8.80109,False
19.311,0.687136,-0.227449,9.14825,False
19.426,0.797269,-0.191536,9.09079,False
19.54,0.708684,-0.263362,8.99981,False
19.654,0.720655,-0.172383,9.00699,False
19.767,0.737414,-0.251391,9.03811,False
19.881,0.758962,-0.189142,9.12909,False
20.041,0.761356,-0.213084,8.99981,False
20.159,0.782904,-0.227449,9.10036,False
20.274,0.718261,-0.19393,9.01417,False
20.389,0.694319,-0.196325,9.05727,False
20.503,0.739808,-0.1652,9.02135,False
20.62,0.70629,-0.203507,9.0022,False
20.735,0.727837,-0.150835,9.00459,False
20.851,0.682348,-0.21069,9.07881,False
20.966,0.682348,-0.160412,9.03572,False
21.085,0.76375,-0.213084,9.09557,False
21.201,0.775721,-0.169988,9.13867,False
21.315,0.70629,-0.251391,9.11233,False
21.428,0.699107,-0.215478,9.14825,False
7.5,-8.82742,0.426168,-3.46441,True
7.615,-9.05966,0.54109,-3.21541,True
7.729,-8.86573,0.426168,-3.52427,True
7.843,-9.47865,0.562637,-2.13563,True
7.957,-9.19852,0.648829,-1.54665,True
8.07,-9.5385,0.500388,-1.72622,True
8.184,-8.00621,0.244209,0.85473,False
8.298,-6.7732,-0.222661,6.75883,False
8.413,-3.69425,-0.131681,11.0445,False
8.525,-1.25456,0.0191536,9.27035,False
8.639,-1.59693,1.64242,8.12831,False
8.753,-3.36864,-7.01501,0.916979,False
8.867,0.521936,-0.217872,9.11473,False
9.028,0.641646,-0.181959,9.13867,False
9.144,0.605733,-0.203507,9.07881,False
9.26,0.591368,-0.105345,9.03093,False
9.376,0.656011,-0.0742203,9.19373,False
9.494,0.567426,-0.160412,9.03333,False
9.61,0.574608,-0.158017,9.14106,False
9.725,0.596156,-0.208296,9.24401,False
9.84,0.648829,-0.134075,9.08599,False
9.956,0.610522,-0.19393,9.02375,False
10.071,0.632069,-0.181959,9.08121,False
10.185,0.603339,-0.141258,9.05008,False
10.299,0.598551,-0.134075,9.07163,False
10.414,0.562637,-0.201113,9.07642,False
10.573,0.610522,-0.117316,9.12909,False
10.69,0.600945,-0.174777,9.12191,False
10.805,0.624887,-0.117316,9.15543,False
10.921,0.603339,-0.124499,9.09079,False
11.037,0.612916,-0.124499,9.09079,False
11.152,0.588974,-0.169988,9.07881,False
11.267,0.603339,-0.174777,9.10276,False
11.383,0.600945,-0.146046,9.12909,False
11.499,0.646435,-0.126893,9.165,False
11.614,0.600945,-0.0957681,9.10036,False
11.728,0.648829,-0.0957681,9.09318,False
11.841,0.586579,-0.174777,9.07881,False
11.956,0.560243,-0.217872,9.13388,False
12.116,0.586579,-0.184354,8.86812,False
12.233,0.61531,-0.126893,9.09079,False
12.348,0.636858,-0.0909797,9.04769,False
12.463,0.639252,-0.11971,9.0022,False
12.579,0.56982,-0.124499,9.0429,False
12.695,0.600945,-0.167594,9.08839,False
12.811,0.605733,-0.143652,9.13388,False
12.926,0.636858,-0.126893,9.06205,False
13.041,0.562637,-0.150835,9.03093,False
13.156,0.610522,-0.21069,9.14585,False
13.269,0.632069,-0.172383,9.05727,False
13.383,0.567426,-0.107739,9.10754,False
13.497,0.627281,-0.0766145,9.06684,False
13.658,0.6608,-0.100556,9.10994,False
13.774,0.61531,-0.0981623,9.07642,False
13.889,0.600945,-0.155623,9.0836,False
14.004,0.646435,-0.1652,9.10754,False
14.12,0.636858,-0.134075,9.05487,False
14.235,0.651223,-0.134075,9.13627,False
14.351,0.634464,-0.0861913,9.0836,False
14.466,0.591368,-0.153229,9.08839,False
14.583,0.634464,-0.129287,9.10515,False
14.697,0.622493,-0.150835,9.08599,False
14.812,0.603339,-0.158017,9.09557,False
14.925,0.651223,-0.181959,9.06205,False
15.039,0.612916,-0.143652,9.09797,False
15.199,0.624887,-0.138864,9.07881,False
15.316,0.64404,-0.126893,9.09318,False
15.433,0.632069,-0.146046,9.00699,False
15.548,0.622493,-0.189142,9.1267,False
15.664,0.624887,-0.150835,9.11233,False
15.779,0.612916,-0.169988,9.02375,False
15.894,0.608127,-0.122104,9.04769,False
16.009,0.588974,-0.0861913,9.11951,False
16.125,0.61531,-0.0837971,9.09797,False
16.239,0.591368,-0.102951,9.1267,False
16.353,0.636858,-0.167594,9.06924,False
16.466,0.600945,-0.148441,9.11233,False
16.581,0.627281,-0.179565,9.0453,False
16.743,0.622493,-0.181959,9.07402,False
16.86,0.61531,-0.129287,9.03811,False
16.975,0.603339,-0.153229,9.09797,False
17.09,0.61531,-0.172383,9.08121,False
17.207,0.622493,-0.160412,9.0453,False
17.323,0.605733,-0.158017,9.07402,False
17.438,0.665588,-0.124499,9.11951,False
17.553,0.61531,-0.117316,9.11712,False
17.669,0.641646,-0.100556,9.06205,False
17.785,0.593762,-0.167594,9.05008,False
17.899,0.656011,-0.143652,9.13148,False
18.012,0.627281,-0.126893,9.04769,False
18.126,0.667982,-0.181959,9.05487,False
18.288,0.617704,-0.129287,9.06924,False
18.404,0.603339,-0.198719,9.10276,False
18.521,0.622493,-0.100556,9.0405,False
18.636,0.581791,-0.146046,9.0429,False
18.752,0.622493,-0.0933739,9.06684,False
18.868,0.545878,-0.102951,9.07163,False
18.983,0.610522,-0.189142,9.17698,False
19.098,0.648829,-0.110133,9.05487,False
19.214,0.632069,-0.136469,9.12909,False
19.329,0.581791,-0.100556,8.99502,False
19.443,0.598551,-0.169988,9.07881,False
19.556,0.632069,-0.148441,9.09079,False
19.67,0.555455,-0.184354,9.07642,False
19.833,0.598551,-0.0837971,9.08839,False
19.95,0.612916,-0.179565,9.08839,False
20.065,0.584185,-0.143652,9.17458,False
20.181,0.658406,-0.155623,8.99741,False
20.296,0.634464,-0.196325,9.03811,False
20.412,0.565032,-0.117316,9.10994,False
20.527,0.579397,-0.150835,9.09318,False
20.643,0.656011,-0.126893,9.03333,False
20.758,0.632069,-0.0981623,9.0453,False
20.873,0.617704,-0.177171,9.03333,False
20.987,0.627281,-0.117316,9.03333,False
21.1,0.687136,-0.129287,9.03572,False
21.263,0.610522,-0.160412,9.05966,False
21.38,0.579397,-0.0981623,9.07402,False
21.497,0.605733,-0.107739,9.09557,False
21.613,0.629675,-0.150835,9.02375,False
21.728,0.684742,-0.129287,9.10276,False
21.843,0.603339,-0.110133,9.1243,False
21.959,0.567426,-0.11971,9.08121,False
22.075,0.651223,-0.122104,9.08121,False
22.19,0.596156,-0.169988,9.09797,False
22.309,0.581791,-0.143652,9.10036,False
22.423,0.634464,-0.0837971,9.12191,False
22.537,0.622493,-0.138864,9.10036,False
22.651,0.646435,-0.124499,9.14585,False
22.814,0.634464,-0.0550666,9.07163,False
22.929,0.588974,-0.169988,9.07881,False
23.045,0.586579,-0.150835,9.11233,False
23.161,0.612916,-0.150835,9.05008,False
23.276,0.658406,-0.11971,9.06924,False
23.391,0.634464,-0.112527,9.13867,False
23.508,0.620098,-0.150835,9.03572,False
23.624,0.600945,-0.1652,9.13867,False
23.739,0.591368,-0.112527,9.18895,False
23.858,0.610522,-0.126893,9.06684,False
23.973,0.648829,-0.203507,9.03333,False
24.087,0.629675,-0.198719,9.10276,False
24.201,0.610522,-0.0766145,9.03333,False
24.363,0.64404,-0.155623,9.0405,False
24.48,0.670377,-0.167594,9.09318,False
24.595,0.584185,-0.143652,9.03333,False
24.711,0.667982,-0.25618,9.06205,False
24.827,0.624887,-0.191536,9.06684,False
24.943,0.667982,-0.131681,9.05727,False
25.059,0.553061,-0.217872,9.22965,False
25.175,0.634464,-0.155623,9.165,False
25.291,0.61531,-0.0885855,9.07163,False
25.407,0.593762,-0.143652,9.14346,False
25.521,0.636858,-0.160412,9.14825,False
25.634,0.624887,-0.11971,9.11473,False
25.749,0.653617,-0.169988,9.08121,False
25.903,0.663194,-0.174777,9.08599,False
26.02,0.632069,-0.126893,9.10276,False
26.135,0.622493,-0.126893,9.06205,False
26.25,0.675165,-0.189142,9.11712,False
26.366,0.61531,-0.129287,9.08599,False
26.482,0.572214,-0.11971,9.05248,False
26.604,0.653617,-0.153229,9.14825,False
26.719,0.627281,-0.150835,9.09318,False
26.834,0.574608,-0.179565,9.05727,False
26.95,0.632069,-0.186748,9.0836,False
27.064,0.639252,-0.153229,9.16261,False
27.178,0.632069,-0.153229,9.13867,False
27.292,0.639252,-0.160412,9.07402,False
27.448,0.627281,-0.148441,9.16261,False
27.565,0.667982,-0.114922,9.08839,False
27.68,0.553061,-0.150835,9.15543,False
27.795,0.622493,-0.105345,9.09797,False
27.911,0.624887,-0.167594,9.07881,False
28.026,0.543484,-0.143652,9.18416,False
28.141,0.679953,-0.114922,9.11233,False
28.257,0.639252,-0.148441,9.11233,False
28.373,0.624887,-0.150835,9.04769,False
28.492,0.653617,-0.126893,9.1267,False
28.605,0.603339,-0.105345,9.07642,False
28.718,0.600945,-0.213084,9.19613,False
28.833,0.634464,-0.155623,9.07402,False
28.985,0.627281,-0.136469,9.06924,False
29.102,0.617704,-0.162806,9.06924,False
29.218,0.598551,-0.122104,9.03093,False
29.334,0.636858,-0.114922,9.11473,False
29.45,0.656011,-0.160412,9.08839,False
29.565,0.639252,-0.124499,9.18176,False
29.681,0.617704,-0.155623,9.03093,False
29.796,0.639252,-0.134075,9.00459,False
29.913,0.584185,-0.184354,9.14106,False
